Workbook

Sheet 표지
D2: SKN-29_1st_prj_2team
A5: DB 테이블 명세서
S9: SKN-29_1st_prj_2team
S10: Ver. 1.0
P15: Road To Commit
A25: Copyright ⓒ Road To Commit

Sheet 개정이력
C5: 개정이력
C8: 버전 | D8: 변경일 | E8: 변경내용1) | F8: 작성자 | G8: 검토자 | H8: 승인자
C9: 0.1 | D9: 45744 | E9: 최초작성 | F9: 김재홍 | G9: 우리조 | H9: 우리조
C10: 0.2 | D10: 45745 | E10: 테이블명세 추가 | F10: 김재홍 | G10: 우리조 | H10: 우리조
C11: 1.0 | D11: 45747 | E11: 테이블명세서 v1.0 | F11: 김재홍 | G11: 우리조 | H11: 우리조
C23: 주1) 변경내용 : 변경이 발생되는 위치와 변경 내용을 자세히 기록(장/절)과 변경 내용을 기술

Sheet 테이블명세서
A1: Table Specification
A2: 시스템/서비스 | G2: 자동차 시장 분석 및 의사결정 지원 플랫폼
A3: 작성자 | G3: 김재홍, 김정민, 김지훈, 정영석
A4: 작성일 | G4: 45747
A5: 프로젝트명 | G5: SKN-29_PRJ1__2team_자동차 시장 분석 및 의사결정 지원 플랫폼
A6: dbms | G6: MySQL
A7: db_name | G7: car_db
A8: schema_name | G8: car_db
A10: 테이블명 | C10: 연령-성별-시도 차량등록 현황 테이블 | E10: table_number | G10: 1 | I10: table_name | L10: age_gender_sido
A11: no | B11: db_name | C11: schema_name | D11: table_name | E11: table_number | F11: column_name | G11: 컬럼명 | H11: type | I11: length | J11: Key | K11: Unique | L11: NN | M11: Default | N11: 정의/설명 | O11: 참조테이블 | P11: 비고
A12: 1 | B12: =$G$7 -> car_db | C12: =$G$8 -> car_db | D12: =$L$10 -> age_gender_sido | E12: 1 | F12: time_id | G12: 행번호 | H12: int | J12: PRI | L12: NOT NULL | M12: AUTO_INCREMENT | N12: 각 테이블의 고유 행 식별
A13: 2 | B13: =$G$7 -> car_db | C13: =$G$8 -> car_db | D13: =$L$10 -> age_gender_sido | E13: 1 | F13: sido_id | G13: 시도id명 | H13: int | J13: PRI | L13: NOT NULL
A14: 3 | B14: =$G$7 -> car_db | C14: =$G$8 -> car_db | D14: =$L$10 -> age_gender_sido | E14: 1 | F14: gender | G14: 성별구분 | H14: varchar(10) | J14: PRI | L14: NOT NULL
A15: 4 | B15: =$G$7 -> car_db | C15: =$G$8 -> car_db | D15: =$L$10 -> age_gender_sido | E15: 1 | F15: age | G15: 나이구분 | H15: int | J15: PRI | L15: NOT NULL
A16: 5 | B16: =$G$7 -> car_db | C16: =$G$8 -> car_db | D16: =$L$10 -> age_gender_sido | E16: 1 | F16: count | G16: 차량등록수 | H16: int
A18: 테이블명 | C18: 지역별 차량등록 현황 테이블 | E18: table_number | G18: 2 | I18: table_name | L18: car_sigungu
A19: no | B19: db_name | C19: schema_name | D19: table_name | E19: table_number | F19: column_name | G19: 컬럼명 | H19: type | I19: length | J19: Key | K19: Unique | L19: NOT NULL | M19: Default | N19: 정의/설명 | O19: 참조테이블 | P19: 비고
A20: 1 | B20: =$G$7 -> car_db | C20: =$G$8 -> car_db | D20: =$L$18 -> car_sigungu | E20: 2 | F20: time_id | G20: 행번호 | H20: int | J20: PRI | L20: NOT NULL | M20: AUTO_INCREMENT | N20: 각 테이블의 고유 행 식별
A21: 2 | B21: =$G$7 -> car_db | C21: =$G$8 -> car_db | D21: =$L$18 -> car_sigungu | E21: 2 | F21: region_id | G21: 지역id명 | H21: int | J21: PRI | L21: NOT NULL
A22: 3 | B22: =$G$7 -> car_db | C22: =$G$8 -> car_db | D22: =$L$18 -> car_sigungu | E22: 2 | F22: passenger_private | G22: 승용차량 등록수(자가) | H22: int
A23: 4 | B23: =$G$7 -> car_db | C23: =$G$8 -> car_db | D23: =$L$18 -> car_sigungu | E23: 2 | F23: passenger_total | G23: 승용차량 등록수(자가+기타) | H23: int
A25: 테이블명 | C25: 시도 누적 차량등록 현황 테이블 | E25: table_number | G25: 3 | I25: table_name | L25: cumul_sido
A26: no | B26: db_name | C26: schema_name | D26: table_name | E26: table_number | F26: column_name | G26: 컬럼명 | H26: type | I26: length | J26: Key | K26: Unique | L26: NN | M26: Default | N26: 정의/설명 | O26: 참조테이블 | P26: 비고
A27: 1 | B27: =$G$7 -> car_db | C27: =$G$8 -> car_db | D27: =$L$25 -> cumul_sido | E27: 3 | F27: time_id | G27: 행번호 | H27: int | J27: PRI | L27: NOT NULL | M27: AUTO_INCREMENT | N27: 각 테이블의 고유 행 식별
A28: 2 | B28: =$G$7 -> car_db | C28: =$G$8 -> car_db | D28: =$L$25 -> cumul_sido | E28: 3 | F28: sido_id | G28: 시도id | H28: int | J28: PRI | L28: NOT NULL
A29: 3 | B29: =$G$7 -> car_db | C29: =$G$8 -> car_db | D29: =$L$25 -> cumul_sido | E29: 3 | F29: passenger_cumulcar | G29: 누적 차량등록수(국산) | H29: int
A30: 4 | B30: =$G$7 -> car_db | C30: =$G$8 -> car_db | D30: =$L$25 -> cumul_sido | E30: 3 | F30: passenger_cumulimportedcar | G30: 누적 차량등록수(외산) | H30: int
A32: 테이블명 | C32: 지역 테이블 | E32: table_number | G32: 4 | I32: table_name | L32: dim_region
A33: no | B33: db_name | C33: schema_name | D33: table_name | E33: table_number | F33: column_name | G33: 컬럼명 | H33: type | I33: length | J33: Key | K33: Unique | L33: NN | M33: Default | N33: 정의/설명 | O33: 참조테이블 | P33: 비고
A34: 1 | B34: =$G$7 -> car_db | C34: =$G$8 -> car_db | D34: =$L$32 -> dim_region | E34: 3 | F34: region_id | G34: 지역id | H34: int | J34: PRI | L34: NOT NULL | M34: AUTO_INCREMENT | N34: 각 테이블의 고유 행 식별
A35: 2 | B35: =$G$7 -> car_db | C35: =$G$8 -> car_db | D35: =$L$32 -> dim_region | E35: 3 | F35: sido_id | G35: 시도id | H35: int | J35: MUL | L35: NOT NULL
A36: 3 | B36: =$G$7 -> car_db | C36: =$G$8 -> car_db | D36: =$L$32 -> dim_region | E36: 3 | F36: sigungu | G36: 시군구명 | H36: varchar(20) | L36: NOT NULL
A38: 테이블명 | C38: 시도 테이블 | E38: table_number | G38: 5 | I38: table_name | L38: dim_sido
A39: no | B39: db_name | C39: schema_name | D39: table_name | E39: table_number | F39: column_name | G39: 컬럼명 | H39: type | I39: length | J39: Key | K39: Unique | L39: NN | M39: Default | N39: 정의/설명 | O39: 참조테이블 | P39: 비고
A40: 1 | B40: =$G$7 -> car_db | C40: =$G$8 -> car_db | D40: =$L$38 -> dim_sido | E40: 4 | F40: sido_id | G40: 시도id | H40: int | J40: PRI | L40: NOT NULL | M40: AUTO_INCREMENT | N40: 각 테이블의 고유 행 식별
A41: 2 | B41: =$G$7 -> car_db | C41: =$G$8 -> car_db | D41: =$L$38 -> dim_sido | E41: 4 | F41: sido | G41: 시도구분 | H41: varchar(20) | J41: UNI | L41: NOT NULL
A43: 테이블명 | C43: 연월 테이블 | E43: table_number | G43: 6 | I43: table_name | L43: dim_time
A44: no | B44: db_name | C44: schema_name | D44: table_name | E44: table_number | F44: column_name | G44: 컬럼명 | H44: type | I44: length | J44: Key | K44: Unique | L44: NN | M44: Default | N44: 정의/설명 | O44: 참조테이블 | P44: 비고
A45: 1 | B45: =$G$7 -> car_db | C45: =$G$8 -> car_db | D45: =$L$43 -> dim_time | E45: 7 | F45: time_id | G45: 연월id | H45: int | J45: PRI | L45: NOT NULL | M45: AUTO_INCREMENT | N45: 각 테이블의 고유 행 식별
A46: 2 | B46: =$G$7 -> car_db | C46: =$G$8 -> car_db | D46: =$L$43 -> dim_time | E46: 7 | F46: year | G46: 연도구분 | H46: int | J46: MUL | L46: NOT NULL
A47: 3 | B47: =$G$7 -> car_db | C47: =$G$8 -> car_db | D47: =$L$43 -> dim_time | E47: 7 | F47: month | G47: 월구분 | H47: int | L47: NOT NULL
A49: 테이블명 | C49: 연료-시도 차량등록 현황 테이블 | E49: table_number | G49: 7 | I49: table_name | L49: fuel_sido
A50: no | B50: db_name | C50: schema_name | D50: table_name | E50: table_number | F50: column_name | G50: 컬럼명 | H50: type | I50: length | J50: Key | K50: Unique | L50: NN | M50: Default | N50: 정의/설명 | O50: 참조테이블 | P50: 비고
A51: 1 | B51: =$G$7 -> car_db | C51: =$G$8 -> car_db | D51: =$L$49 -> fuel_sido | E51: 10 | F51: time_id | G51: 연월id | H51: int | J51: PRI | L51: NOT NULL
A52: 2 | B52: =$G$7 -> car_db | C52: =$G$8 -> car_db | D52: =$L$49 -> fuel_sido | E52: 7 | F52: sido_id | G52: 시도id | H52: int | J52: PRI | L52: NOT NULL
A53: 3 | B53: =$G$7 -> car_db | C53: =$G$8 -> car_db | D53: =$L$49 -> fuel_sido | E53: 7 | F53: fuel | G53: 연료정보 | H53: varchar(50) | J53: PRI | L53: NOT NULL
A54: 4 | B54: =$G$7 -> car_db | C54: =$G$8 -> car_db | D54: =$L$49 -> fuel_sido | E54: 7 | F54: count | G54: 누적 차량등록수 | H54: int
A56: 테이블명 | C56: 외산/국산-지역 차량등록 현황 테이블 | E56: table_number | G56: 8 | I56: table_name | L56: imported_sigungu
A57: no | B57: db_name | C57: schema_name | D57: table_name | E57: table_number | F57: column_name | G57: 컬럼명 | H57: type | I57: length | J57: Key | K57: Unique | L57: NN | M57: Default | N57: 정의/설명 | O57: 참조테이블 | P57: 비고
A58: 1 | B58: =$G$7 -> car_db | C58: =$G$8 -> car_db | D58: =$L$56 -> imported_sigungu | E58: 8 | F58: time_id | G58: 연월id | H58: int | J58: PRI | L58: NOT NULL | M58: AUTO_INCREMENT | N58: 각 테이블의 고유 행 식별
A59: 0 | B59: =$G$7 -> car_db | C59: =$G$8 -> car_db | D59: =$L$56 -> imported_sigungu | E59: 8 | F59: region_id | G59: 지역id | H59: int | J59: PRI | L59: NOT NULL
A60: 3 | B60: =$G$7 -> car_db | C60: =$G$8 -> car_db | D60: =$L$56 -> imported_sigungu | E60: 8 | F60: passenger_imported | G60: 외산차량 등록수 | H60: int
A62: 테이블명 | C62: 지역-종합소득 차량등록 현황 테이블 | E62: table_number | G62: 9 | I62: table_name | L62: income
A63: no | B63: db_name | C63: schema_name | D63: table_name | E63: table_number | F63: column_name | G63: 컬럼명 | H63: type | I63: length | J63: Key | K63: Unique | L63: NN | M63: Default | N63: 정의/설명 | O63: 참조테이블 | P63: 비고
A64: 1 | B64: =$G$7 -> car_db | C64: =$G$8 -> car_db | D64: =$L$62 -> income | E64: 9 | F64: year | G64: 연도구분 | H64: int | J64: PRI | L64: NOT NULL | M64: AUTO_INCREMENT | N64: 각 테이블의 고유 행 식별
A65: 2 | B65: =$G$7 -> car_db | C65: =$G$8 -> car_db | D65: =$L$62 -> income | E65: 9 | F65: region_id | G65: 지역id | H65: int | J65: PRI | L65: NOT NULL
A66: 3 | B66: =$G$7 -> car_db | C66: =$G$8 -> car_db | D66: =$L$62 -> income | E66: 9 | F66: count | G66: 지역 신고 인원수 | H66: int
A67: 4 | B67: =$G$7 -> car_db | C67: =$G$8 -> car_db | D67: =$L$62 -> income | E67: 9 | F67: income | G67: 지역 총 종합소득금액 | H67: bigint
A68: 5 | B68: =$G$7 -> car_db | C68: =$G$8 -> car_db | D68: =$L$62 -> income | E68: 9 | F68: income_per_person | G68: 1인당종합소득금액(백만원) | H68: double
A70: 테이블명 | C70: 연도-연식별 차량등록 현황 테이블 | E70: table_number | G70: 10 | I70: table_name | L70: model_year
A71: no | B71: db_name | C71: schema_name | D71: table_name | E71: table_number | F71: column_name | G71: 컬럼명 | H71: type | I71: length | J71: Key | K71: Unique | L71: NN | M71: Default | O71: 참조테이블 | P71: 비고
A72: 1 | B72: =$G$7 -> car_db | C72: =$G$8 -> car_db | D72: =$L$70 -> model_year | E72: 10 | F72: time_id | G72: 연월id | H72: int | J72: PRI | L72: NOT NULL | M72: AUTO_INCREMENT | N72: 각 테이블의 고유 행 식별
A73: 2 | B73: =$G$7 -> car_db | C73: =$G$8 -> car_db | D73: =$L$70 -> model_year | E73: 10 | F73: model_year | G73: 차량연식 | H73: int | J73: PRI | L73: NOT NULL
A74: 3 | B74: =$G$7 -> car_db | C74: =$G$8 -> car_db | D74: =$L$70 -> model_year | E74: 10 | F74: passenger | G74: 승용차량 등록수(자가) | H74: int
A76: 테이블명 | C76: 외산/국산 차량등록 현황 테이블 | E76: table_number | G76: 11 | I76: table_name | L76: new_foreign_domestic_sido
A77: no | B77: db_name | C77: schema_name | D77: table_name | E77: table_number | F77: column_name | G77: 컬럼명 | H77: type | I77: length | J77: Key | K77: Unique | L77: NN | M77: Default | N77: 정의/설명 | O77: 참조테이블 | P77: 비고
A78: 1 | B78: =$G$7 -> car_db | C78: =$G$8 -> car_db | D78: =$L$76 -> new_foreign_domestic_sido | E78: 11 | F78: time_id | G78: 연월id | H78: int | J78: PRI | L78: NOT NULL | M78: AUTO_INCREMENT | N78: 각 테이블의 고유 행 식별
A79: 2 | B79: =$G$7 -> car_db | C79: =$G$8 -> car_db | D79: =$L$76 -> new_foreign_domestic_sido | E79: 11 | F79: sido_id | G79: 시도id | H79: int | J79: PRI | L79: NOT NULL
A80: 3 | B80: =$G$7 -> car_db | C80: =$G$8 -> car_db | D80: =$L$76 -> new_foreign_domestic_sido | E80: 11 | F80: passenger_newcar | G80: 신조차량 등록 수 | H80: int
A81: 4 | B81: =$G$7 -> car_db | C81: =$G$8 -> car_db | D81: =$L$76 -> new_foreign_domestic_sido | E81: 11 | F81: passenger_newimported | G81: 외산차량 등록 수 | H81: int
A83: 테이블명 | C83: FAQ 현황 테이블 | E83: table_number | G83: 12 | I83: table_name | L83: repair_faq
A84: no | B84: db_name | C84: schema_name | D84: table_name | E84: table_number | F84: column_name | G84: 컬럼명 | H84: type | I84: length | J84: Key | K84: Unique | L84: NN | M84: Default | N84: 정의/설명 | O84: 참조테이블 | P84: 비고
A85: 1 | B85: =$G$7 -> car_db | C85: =$G$8 -> car_db | D85: repair_faq | E85: 12 | F85: 카테고리 | G85: 카테고리명 | H85: VARCHAR(50)
A86: 2 | B86: =$G$7 -> car_db | C86: =$G$8 -> car_db | D86: repair_faq | E86: 12 | F86: 질문 | G86: 질문내용 | H86: TEXT
A87: 3 | B87: =$G$7 -> car_db | C87: =$G$8 -> car_db | D87: repair_faq | E87: 12 | F87: 답변 | G87: 답변내용 | H87: TEXT

Sheet 컬럼목록
A2: Columns List
A4: no | B4: db_name | C4: schema_name | D4: table_name | E4: table_number | F4: column_name | G4: 컬럼명 | H4: type | I4: length | J4: Key | K4: NOT NULL | L4: Default | M4: 정의/설명 | N4: 참조테이블 | O4: 비고
A5: =ROW()-4 -> 1 | B5: =테이블명세서!$G$7 -> car_db | C5: =테이블명세서!$G$8 -> car_db | D5: age_gender_sido | E5: 1 | F5: time_id | G5: 행번호 | H5: int | J5: PRI | K5: NOT NULL
A6: =ROW()-4 -> 2 | B6: =테이블명세서!$G$7 -> car_db | C6: =테이블명세서!$G$8 -> car_db | D6: age_gender_sido | E6: 1 | F6: sido_id | G6: 시도id명 | H6: int | J6: PRI | K6: NOT NULL
A7: =ROW()-4 -> 3 | B7: =테이블명세서!$G$7 -> car_db | C7: =테이블명세서!$G$8 -> car_db | D7: age_gender_sido | E7: 1 | F7: gender | G7: 성별구분 | H7: varchar(10) | J7: PRI | K7: NOT NULL
A8: =ROW()-4 -> 4 | B8: =테이블명세서!$G$7 -> car_db | C8: =테이블명세서!$G$8 -> car_db | D8: age_gender_sido | E8: 1 | F8: age | G8: 나이구분 | H8: int | J8: PRI | K8: NOT NULL
A9: =ROW()-4 -> 5 | B9: =테이블명세서!$G$7 -> car_db | C9: =테이블명세서!$G$8 -> car_db | D9: age_gender_sido | E9: 1 | F9: count | G9: 차량등록수 | H9: int
A10: =ROW()-4 -> 6 | B10: =테이블명세서!$G$7 -> car_db | C10: =테이블명세서!$G$8 -> car_db | D10: car_sigungu | E10: 2 | F10: time_id | G10: 행번호 | H10: int | J10: PRI | K10: NOT NULL
A11: =ROW()-4 -> 7 | B11: =테이블명세서!$G$7 -> car_db | C11: =테이블명세서!$G$8 -> car_db | D11: car_sigungu | E11: 2 | F11: region_id | G11: 지역id명 | H11: int | J11: PRI | K11: NOT NULL
A12: =ROW()-4 -> 8 | B12: =테이블명세서!$G$7 -> car_db | C12: =테이블명세서!$G$8 -> car_db | D12: car_sigungu | E12: 2 | F12: passenger_private | G12: 승용차량 등록수(자가) | H12: int
A13: =ROW()-4 -> 9 | B13: =테이블명세서!$G$7 -> car_db | C13: =테이블명세서!$G$8 -> car_db | D13: car_sigungu | E13: 2 | F13: passenger_total | G13: 승용차량 등록수(자가+기타) | H13: int
A14: =ROW()-4 -> 10 | B14: =테이블명세서!$G$7 -> car_db | C14: =테이블명세서!$G$8 -> car_db | D14: cumul_sido | E14: 3 | F14: time_id | G14: 행번호 | H14: int | J14: PRI | K14: NOT NULL
A15: =ROW()-4 -> 11 | B15: =테이블명세서!$G$7 -> car_db | C15: =테이블명세서!$G$8 -> car_db | D15: cumul_sido | E15: 3 | F15: sido_id | G15: 시도id | H15: int | J15: PRI | K15: NOT NULL
A16: =ROW()-4 -> 12 | B16: =테이블명세서!$G$7 -> car_db | C16: =테이블명세서!$G$8 -> car_db | D16: cumul_sido | E16: 3 | F16: passenger_cumulcar | G16: 누적 차량등록수(국산) | H16: int
A17: =ROW()-4 -> 13 | B17: =테이블명세서!$G$7 -> car_db | C17: =테이블명세서!$G$8 -> car_db | D17: cumul_sido | E17: 3 | F17: passenger_cumulimportedcar | G17: 누적 차량등록수(외산) | H17: int
A18: =ROW()-4 -> 14 | B18: =테이블명세서!$G$7 -> car_db | C18: =테이블명세서!$G$8 -> car_db | D18: dim_region | E18: 4 | F18: region_id | G18: 지역id | H18: int | J18: PRI | K18: NOT NULL
A19: =ROW()-4 -> 15 | B19: =테이블명세서!$G$7 -> car_db | C19: =테이블명세서!$G$8 -> car_db | D19: dim_region | E19: 4 | F19: sido_id | G19: 시도id | H19: int | J19: MUL | K19: NOT NULL
A20: =ROW()-4 -> 16 | B20: =테이블명세서!$G$7 -> car_db | C20: =테이블명세서!$G$8 -> car_db | D20: dim_region | E20: 4 | F20: sigungu | G20: 시군구명 | H20: varchar(20) | K20: NOT NULL
A21: =ROW()-4 -> 17 | B21: =테이블명세서!$G$7 -> car_db | C21: =테이블명세서!$G$8 -> car_db | D21: dim_sido | E21: 5 | F21: sido_id | G21: 시도id | H21: int | J21: PRI | K21: NOT NULL
A22: =ROW()-4 -> 18 | B22: =테이블명세서!$G$7 -> car_db | C22: =테이블명세서!$G$8 -> car_db | D22: dim_sido | E22: 5 | F22: sido | G22: 시도구분 | H22: varchar(20) | J22: UNI | K22: NOT NULL
A23: =ROW()-4 -> 19 | B23: =테이블명세서!$G$7 -> car_db | C23: =테이블명세서!$G$8 -> car_db | D23: dim_time | E23: 6 | F23: time_id | G23: 연월id | H23: int | J23: PRI | K23: NOT NULL
A24: =ROW()-4 -> 20 | B24: =테이블명세서!$G$7 -> car_db | C24: =테이블명세서!$G$8 -> car_db | D24: dim_time | E24: 6 | F24: year | G24: 연도구분 | H24: int | J24: MUL | K24: NOT NULL
A25: =ROW()-4 -> 21 | B25: =테이블명세서!$G$7 -> car_db | C25: =테이블명세서!$G$8 -> car_db | D25: dim_time | E25: 6 | F25: month | G25: 월구분 | H25: int | K25: NOT NULL
A26: =ROW()-4 -> 22 | B26: =테이블명세서!$G$7 -> car_db | C26: =테이블명세서!$G$8 -> car_db | D26: fuel_sido | E26: 7 | F26: time_id | G26: 연월id | H26: int | J26: PRI | K26: NOT NULL
A27: =ROW()-4 -> 23 | B27: =테이블명세서!$G$7 -> car_db | C27: =테이블명세서!$G$8 -> car_db | D27: fuel_sido | E27: 7 | F27: sido_id | G27: 시도id | H27: int | J27: PRI | K27: NOT NULL
A28: =ROW()-4 -> 24 | B28: =테이블명세서!$G$7 -> car_db | C28: =테이블명세서!$G$8 -> car_db | D28: fuel_sido | E28: 7 | F28: fuel | G28: 연료정보 | H28: varchar(50) | J28: PRI | K28: NOT NULL
A29: =ROW()-4 -> 25 | B29: =테이블명세서!$G$7 -> car_db | C29: =테이블명세서!$G$8 -> car_db | D29: fuel_sido | E29: 7 | F29: count | G29: 누적 차량등록수 | H29: int
A30: =ROW()-4 -> 26 | B30: =테이블명세서!$G$7 -> car_db | C30: =테이블명세서!$G$8 -> car_db | D30: imported_sigungu | E30: 8 | F30: time_id | G30: 연월id | H30: int | J30: PRI | K30: NOT NULL
A31: =ROW()-4 -> 27 | B31: =테이블명세서!$G$7 -> car_db | C31: =테이블명세서!$G$8 -> car_db | D31: imported_sigungu | E31: 8 | F31: region_id | G31: 지역id | H31: int | J31: PRI | K31: NOT NULL
A32: =ROW()-4 -> 28 | B32: =테이블명세서!$G$7 -> car_db | C32: =테이블명세서!$G$8 -> car_db | D32: imported_sigungu | E32: 8 | F32: passenger_imported | G32: 외산차량 등록수 | H32: int
A33: =ROW()-4 -> 29 | B33: =테이블명세서!$G$7 -> car_db | C33: =테이블명세서!$G$8 -> car_db | D33: income | E33: 9 | F33: year | G33: 연도구분 | H33: int | J33: PRI | K33: NOT NULL
A34: =ROW()-4 -> 30 | B34: =테이블명세서!$G$7 -> car_db | C34: =테이블명세서!$G$8 -> car_db | D34: income | E34: 9 | F34: region_id | G34: 지역id | H34: int | J34: PRI | K34: NOT NULL
A35: =ROW()-4 -> 31 | B35: =테이블명세서!$G$7 -> car_db | C35: =테이블명세서!$G$8 -> car_db | D35: income | E35: 9 | F35: count | G35: 지역 신고 인원수 | H35: int
A36: =ROW()-4 -> 32 | B36: =테이블명세서!$G$7 -> car_db | C36: =테이블명세서!$G$8 -> car_db | D36: income | E36: 9 | F36: income | G36: 지역 총 종합소득금액 | H36: bigint
A37: =ROW()-4 -> 33 | B37: =테이블명세서!$G$7 -> car_db | C37: =테이블명세서!$G$8 -> car_db | D37: income | E37: 9 | F37: income_per_person | G37: 1인당종합소득금액(백만원) | H37: double
A38: =ROW()-4 -> 34 | B38: =테이블명세서!$G$7 -> car_db | C38: =테이블명세서!$G$8 -> car_db | D38: model_year | E38: 10 | F38: time_id | G38: 연월id | H38: int | J38: PRI | K38: NOT NULL
A39: =ROW()-4 -> 35 | B39: =테이블명세서!$G$7 -> car_db | C39: =테이블명세서!$G$8 -> car_db | D39: model_year | E39: 10 | F39: model_year | G39: 차량연식 | H39: int | J39: PRI | K39: NOT NULL
A40: =ROW()-4 -> 36 | B40: =테이블명세서!$G$7 -> car_db | C40: =테이블명세서!$G$8 -> car_db | D40: model_year | E40: 10 | F40: passenger | G40: 승용차량 등록수(자가) | H40: int
A41: =ROW()-4 -> 37 | B41: =테이블명세서!$G$7 -> car_db | C41: =테이블명세서!$G$8 -> car_db | D41: new_foreign_domestic_sido | E41: 11 | F41: time_id | G41: 연월id | H41: int | J41: PRI | K41: NOT NULL
A42: =ROW()-4 -> 38 | B42: =테이블명세서!$G$7 -> car_db | C42: =테이블명세서!$G$8 -> car_db | D42: new_foreign_domestic_sido | E42: 11 | F42: sido_id | G42: 시도id | H42: int | J42: PRI | K42: NOT NULL
A43: =ROW()-4 -> 39 | B43: =테이블명세서!$G$7 -> car_db | C43: =테이블명세서!$G$8 -> car_db | D43: new_foreign_domestic_sido | E43: 11 | F43: passenger_newcar | G43: 신조차량 등록 수 | H43: int
A44: =ROW()-4 -> 40 | B44: =테이블명세서!$G$7 -> car_db | C44: =테이블명세서!$G$8 -> car_db | D44: new_foreign_domestic_sido | E44: 11 | F44: passenger_newimported | G44: 외산차량 등록 수 | H44: int
A45: =ROW()-4 -> 41 | B45: =테이블명세서!$G$7 -> car_db | C45: =테이블명세서!$G$8 -> car_db | D45: repair_faq | E45: 12 | F45: 카테고리 | G45: 카테고리명 | H45: VARCHAR(50)
A46: =ROW()-4 -> 42 | B46: =테이블명세서!$G$7 -> car_db | C46: =테이블명세서!$G$8 -> car_db | D46: repair_faq | E46: 12 | F46: 질문 | G46: 질문내용 | H46: TEXT
A47: =ROW()-4 -> 43 | B47: =테이블명세서!$G$7 -> car_db | C47: =테이블명세서!$G$8 -> car_db | D47: repair_faq | E47: 12 | F47: 답변 | G47: 답변내용 | H47: TEXT
